Feature,Importance
t2m_COL,0.05657813215798358
t2m_VEN,0.0547026046639731
t2m_IDN,0.054186089607118716
t2m_SEN,0.054107314959239844
t2m_BFA,0.053243997926922776
t2m_ECU,0.05042797076778665
t2m_GNB,0.04915886826247112
t2m_CPV,0.048960663866706305
t2m_KHM,0.04731799720905464
t2m_PAN,0.04695056378701901
t2m_KIR,0.0466817335138085
tp_RUS,0.046629721446668965
t2m_MWI,0.045726463011864546
t2m_GUY,0.04558685391835494
t2m_MDV,0.0451669825107963
t2m_ZMB,0.04506513067253466
t2m_CRI,0.04494771235409889
tp_MEX,0.04448883119716841
t2m_THA,0.04430870426836953
t2m_FSM,0.0439975260000207
t2m_SUR,0.04298350361267692
t2m_NGA,0.04213560676457246
tp_KIR,0.0417745048382849
t2m_ETH,0.04141360565763942
tp_ECU,0.04109521307585818
t2m_ZWE,0.04093028107486369
t2m_LKA,0.0407685708231052
t2m_SOM,0.040616247387946516
t2m_TCD,0.04031379827966546
t2m_TTO,0.040245241533952904
tp_CAN,0.04017054330083551
t2m_MYS,0.04001731082240724
t2m_SYC,0.039978530645262904
t2m_PHL,0.03931111865587422
tp_GRL,0.039203566695589435
t2m_GIN,0.03917975081497503
t2m_SDN,0.039123035633633986
t2m_SLV,0.038908500828670214
t2m_TZA,0.03878913800312712
t2m_BEN,0.03876523459101077
tp_SUR,0.0387515626851599
t2m_WSM,0.03860810761538046
t2m_PYF,0.03842568496857604
t2m_VCT,0.038032398779766295
t2m_GAB,0.03786532547535842
t2m_GNQ,0.03786267614880858
t2m_VUT,0.037765545689720556
t2m_BWA,0.03769553747009082
t2m_CMR,0.0376135027238777
t2m_AGO,0.037377099161743275
t2m_MMR,0.037293593051897396
tp_KAZ,0.03703914289022311
tp_SOM,0.036896535585386185
tp_AUS,0.036720921414781955
tp_CRI,0.03647846989173694
t2m_ERI,0.03632083432745176
t2m_TON,0.03601345096927149
t2m_PLW,0.035825613576750646
tp_ZWE,0.03546162534095246
t2m_MLI,0.03545176399672339
tp_PHL,0.03507713336750483
t2m_BOL,0.035066571498107026
t2m_NER,0.0350622834576096
t2m_STP,0.03498679402891965
t2m_BRN,0.034949200543535994
t2m_MHL,0.03494837629199698
t2m_MOZ,0.03486918535459579
tp_VEN,0.03452313607500661
t2m_SSD,0.03446255896009892
t2m_NIC,0.034450878353282845
tp_NER,0.03440510282909161
tp_PAN,0.03437264779344883
t2m_COG,0.034337884494938783
tp_NPL,0.0342766807638045
t2m_NAM,0.03409180683285209
t2m_LAO,0.03400933817524927
tp_ERI,0.03388978440080976
t2m_LBR,0.033802442611129045
tp_CUB,0.03364555114669628
tp_MYS,0.033583821960551936
t2m_TUV,0.033336501846472515
t2m_GHA,0.03326641951183154
t2m_SLB,0.03317128988367588
t2m_TGO,0.03313828770327206
t2m_CIV,0.03306046069276086
t2m_MDG,0.03300427441540948
t2m_CAF,0.032954561933213354
tp_BRA,0.0329465086224079
t2m_SLE,0.0328907309672581
tp_ISL,0.03279424197329098
t2m_PNG,0.03276376923164911
t2m_BGD,0.03258678241571797
tp_MHL,0.03256332069788365
tp_MDG,0.032451159045708465
tp_KEN,0.032405377753515555
tp_TCD,0.03223032437557989
tp_GUY,0.032227044182942505
tp_GNB,0.03219169342678474
tp_COG,0.032157273395350905
tp_MLI,0.0320302689262528
t2m_PRY,0.03199452927315643
t2m_GTM,0.03189192773183601
t2m_HND,0.031880919546892594
tp_PNG,0.03130466550793825
tp_GNQ,0.03116165902523619
tp_MWI,0.031076612177135112
tp_GAB,0.031053163411651232
tp_PER,0.030760677373705827
tp_BFA,0.03050682047316459
tp_BRN,0.030390117954592066
t2m_LCA,0.03031426777066094
tp_MOZ,0.03026278595920527
tp_MNG,0.030251886279834734
tp_COD,0.03018233634513125
tp_ARM,0.030122761977060732
tp_BGR,0.030024976141802398
tp_FIN,0.029728075161741127
t2m_LSO,0.029719342683960124
tp_LBN,0.029674312577480124
tp_COL,0.02960173290688209
tp_PYF,0.0295959278939093
tp_NAM,0.02954544246702101
t2m_COM,0.029527685168426878
tp_GBR,0.029234131513303792
t2m_VNM,0.02920873372604884
tp_GIN,0.029154542447172974
tp_LBY,0.029123503842157956
t2m_PER,0.029119970882964762
t2m_TLS,0.029102673338872845
tp_BTN,0.028933304507471762
tp_TKM,0.028912527702395267
tp_CMR,0.028860663019032496
tp_LSO,0.028777461275122786
t2m_ATF,0.028743943842138443
tp_GEO,0.02866979117946662
tp_SEN,0.028637832588241652
tp_AFG,0.028394535877519854
t2m_COD,0.028383170487273752
tp_TUR,0.028361777200824233
tp_TJK,0.02827266662938156
t2m_IND,0.028251083860113383
tp_LCA,0.028162027419274364
t2m_BRA,0.028062827139419353
t2m_BLZ,0.027961206908947676
tp_UGA,0.027743882836246212
tp_MAR,0.02774124201778648
t2m_BDI,0.027728261626978525
tp_UKR,0.02748333276685083
tp_UZB,0.02741801843286978
tp_CAF,0.027398404897678558
tp_SDN,0.0273832552097725
t2m_ZAF,0.027277272702287518
tp_KGZ,0.027261622738523623
tp_SLB,0.026910126334311585
tp_EST,0.02690020065516895
t2m_NCL,0.026860844569533467
tp_SWE,0.026787358505754345
tp_DOM,0.026469237958145535
tp_BOL,0.02640797383820457
t2m_SWZ,0.02631272504603155
tp_MDA,0.026274219864668866
tp_VNM,0.026196682696894066
tp_LKA,0.026065950186779777
tp_MDV,0.02600212533657069
tp_STP,0.02598449707208346
tp_PRI,0.025924926826515125
tp_NIC,0.025874118955334802
tp_PAK,0.025855693811535733
tp_CIV,0.025808564371001985
tp_ESP,0.025804973153080692
tp_LBR,0.02579176421560467
tp_SLE,0.025757752196971868
tp_BLR,0.025700105998743915
tp_BGD,0.02569172384850537
tp_HND,0.025683030186986408
tp_GRC,0.025670043720756666
affected_ALB,0.025658572172074914
t2m_PRI,0.02553398102053553
tp_TTO,0.025499120097796476
tp_SLV,0.0254660095427145
t2m_NZL,0.02545217820428493
tp_DZA,0.02542787722920681
tp_BWA,0.02533668055147046
tp_ZMB,0.025267415920555383
t2m_FJI,0.025261377067660594
deaths_KEN,0.025256086390266285
tp_KWT,0.025241392216345467
tp_AZE,0.02523931045205777
tp_HTI,0.02519015423292821
tp_IRL,0.025163682685366836
tp_AGO,0.025003420478118724
tp_IND,0.024981366305954638
tp_PRT,0.024897264265787863
tp_TLS,0.024883086421303734
tp_POL,0.02485755167805986
t2m_BHS,0.02473965376046356
tp_MMR,0.02473767019110525
affected_SWZ,0.024704792830653934
tp_TON,0.024649046084717904
tp_KHM,0.024613983972871352
t2m_MRT,0.024481907724507635
tp_VCT,0.02444622519222341
tp_SWZ,0.024423053558343306
tp_SSD,0.02441272938931939
tp_IDN,0.02436323038854356
tp_PRK,0.02433845436103686
t2m_URY,0.024270577011706564
tp_PLW,0.024145888599291173
deaths_BOL,0.024122351579431163
tp_IRN,0.02401828989087051
tp_SVN,0.02399628687659243
tp_MRT,0.02397404205255045
tp_NGA,0.023917396534915567
tp_CHE,0.023799335123761717
affected_UGA,0.023617486051840067
tp_CPV,0.023617275106672945
tp_BLZ,0.02351524666312395
tp_COM,0.023484588667595473
deaths_BEL,0.0234517553606997
tp_AUT,0.023448680493335965
damage_BOL,0.023409313687747544
tp_JAM,0.023344365441459416
tp_CYP,0.023327418880056565
tp_YEM,0.023314824010142586
tp_BEN,0.023313030862878736
tp_LTU,0.02330759644349896
tp_TGO,0.0232741246138366
deaths_ECU,0.023252894296540223
tp_DNK,0.023250317643472337
tp_RWA,0.02321739321971893
deaths_URY,0.02307636415475707
deaths_CRI,0.02302078629660826
tp_THA,0.02290945360520273
tp_VUT,0.022836526927703295
tp_TUN,0.022810004128055894
deaths_CUB,0.02277113737600388
tp_FLK,0.022763795601830294
tp_IRQ,0.022743935499418166
tp_FSM,0.022674204766363747
tp_BHS,0.0225978606819667
damage_SPI,0.02252552658409295
affected_ARE,0.02242409260568772
damage_PRT,0.022401813064329347
tp_NOR,0.022354354234836855
t2m_DJI,0.02214074106967634
tp_ESH,0.022128529231511335
tp_GTM,0.02204880625256454
tp_SVK,0.02203130566695127
tp_WSM,0.022023677762380327
affected_LSO,0.021939614309640507
tp_TUV,0.021939534996103884
affected_BGD,0.02193582549065881
t2m_YEM,0.021935731901758473
tp_LVA,0.021915694978252284
tp_NLD,0.021845257282999863
deaths_RWA,0.021724335603106968
damage_LKA,0.02166798788234424
deaths_CMR,0.02154140474125511
deaths_NLD,0.021372411425382282
affected_PHL,0.021371615821477435
deaths_AGO,0.02136937564373015
damage_DZA,0.02133771109632181
t2m_JAM,0.02131103441077962
t2m_DOM,0.02130299251339617
tp_PRY,0.02128079849984181
t2m_CUB,0.021270975550452906
tp_DJI,0.02122737438589769
deaths_TUN,0.021173177724849855
deaths_DJI,0.021138847257997605
tp_GHA,0.021096023922994468
t2m_HTI,0.0210346382353878
damage_VNM,0.020963127846039566
tp_FJI,0.02092727814458445
tp_FRA,0.020846861961663927
tp_ROU,0.020750783200477584
affected_SYR,0.020715277066704032
tp_CZE,0.020703046598256787
affected_GTM,0.02065997297759886
tp_JPN,0.0206057546856139
deaths_ARG,0.020553122536615266
deaths_MNG,0.02050968828934295
deaths_IDN,0.020492509669779207
damage_ROU,0.020472360696586027
damage_JPN,0.020467527272549555
tp_BDI,0.02044582447349639
t2m_KEN,0.02044291945355942
t2m_BLR,0.02042019087378166
tp_LAO,0.02039857013961133
tp_TZA,0.02037800617370959
t2m_PAK,0.0203151925054127
affected_CRI,0.02028316960322059
tp_LUX,0.020275005612507453
tp_QAT,0.020272214433998816
tp_CHL,0.020259922770724685
affected_KEN,0.020251085026802812
tp_SYC,0.020226249773733277
tp_KOR,0.020222544405304566
deaths_MAR,0.020201086701840038
tp_URY,0.020150845122411987
tp_BIH,0.020137961709271533
tp_ARE,0.020137312213134546
tp_TWN,0.02012493166744851
damage_DEU,0.020124884682527957
damage_NLD,0.02011164720832484
tp_EGY,0.020073063424126163
damage_COM,0.02002975609224933
affected_CYP,0.020027798085886703
tp_NZL,0.019984536831900348
affected_BOL,0.019949887943611598
deaths_PRY,0.019939780940542075
t2m_RWA,0.01993422857983989
tp_ITA,0.01986226694892719
deaths_SCG,0.01983540743001963
damage_MEX,0.019767562924018003
damage_ISR,0.01975702157541774
tp_NCL,0.019702588377093055
deaths_BGD,0.019640895980083714
affected_PAN,0.019625080203426713
damage_RWA,0.01959223384445386
affected_BFA,0.019586725152005248
t2m_LVA,0.01954428592219343
damage_TON,0.019540081068240036
damage_ETH,0.019517283942995803
damage_VUT,0.019498695236696197
deaths_DZA,0.019494229966150623
tp_OMN,0.019416427689995838
tp_HUN,0.01941438021390356
affected_LAO,0.01940316544494147
t2m_NPL,0.019385868910884355
damage_GLP,0.019288041579773346
damage_UGA,0.019273411711326113
damage_LAO,0.019261802657029686
damage_ECU,0.01925137900739678
t2m_LTU,0.019230389684812423
affected_KAZ,0.01922577376310694
t2m_MNG,0.01917976745147336
affected_ROU,0.019160834324147384
affected_SLV,0.019147665887933592
affected_MNE,0.019136690578086226
affected_BRA,0.01911190880072367
affected_VUT,0.01910353317864359
damage_BRA,0.019094541083300182
deaths_NGA,0.01909189384510901
deaths_MEX,0.019075744883767478
affected_SLE,0.019073299350842173
affected_MHL,0.01906272269019177
affected_PRY,0.019061630147889023
affected_NIC,0.01898969477398778
damage_CRI,0.018973185247454723
affected_URY,0.018964881787044943
deaths_SEN,0.01894693223857328
damage_YEM,0.018921324701246967
deaths_LKA,0.018866883401364068
affected_GBR,0.01886410546678742
tp_CHN,0.01885788090986504
affected_MKD,0.01884256217464252
deaths_PRT,0.01882404725072777
deaths_TZA,0.018818028379837735
tp_MKD,0.01881433754747476
deaths_TJK,0.018810494407290462
t2m_UZB,0.018810480056062288
affected_TZA,0.01878711859317502
damage_TUN,0.018779078719472764
affected_SEN,0.018776462685950356
damage_GBR,0.018727930102092807
affected_CHL,0.018696040880392093
t2m_KGZ,0.018692246942528273
damage_ALB,0.01869157349056508
affected_HUN,0.018668932869896893
affected_LKA,0.018610533330914458
damage_IND,0.01857481713999438
affected_KOR,0.01856615871246807
deaths_ITA,0.018528316714873507
damage_HRV,0.018495217546437997
affected_AZE,0.018494231945851813
affected_THA,0.0184838423904889
damage_KEN,0.01848114934013234
deaths_TON,0.01847882748044481
tp_ZAF,0.01846338662079814
affected_PRK,0.01845464177565068
damage_CHL,0.018444451558991215
tp_DEU,0.018435058685945555
damage_CZE,0.01840466388617459
tp_ATF,0.018389353695544945
affected_DZA,0.01838635526300108
damage_BGR,0.018366564620391934
affected_SCG,0.01835536462305504
deaths_SWZ,0.018350213292286616
t2m_ARG,0.018293294645861016
t2m_OMN,0.01827614872426065
tp_MNE,0.01825852100672864
deaths_LSO,0.018237861959190194
deaths_MRT,0.018182635846780905
affected_NLD,0.018175494250867397
damage_CHE,0.018165945972495903
deaths_ARM,0.018133708769178563
affected_DJI,0.018124986282917276
t2m_ESH,0.01804884666869389
deaths_VNM,0.018032364005402163
affected_ZWE,0.018006408325590383
damage_LTU,0.018003765567318586
damage_LCA,0.01800374069086471
deaths_LAO,0.017915601814418092
damage_SEN,0.01791343493567864
deaths_AFG,0.017884189301342713
affected_ERI,0.01786278406937925
damage_BDI,0.01777947836180109
affected_ZAF,0.017776106948134376
tp_SRB,0.0177047905981197
affected_HRV,0.01769846704964058
damage_HUN,0.01768585800858625
damage_AZE,0.0176719910817752
affected_DOM,0.017670396286243655
deaths_NAM,0.017669121327969602
affected_FSM,0.01763973883190629
affected_LBN,0.017638667838882616
damage_CUB,0.017618021148146198
t2m_UGA,0.01753342060947119
deaths_AZE,0.017524342997897513
damage_SLV,0.01751933156541131
affected_MDG,0.017518563963051362
deaths_UZB,0.017514256564306985
affected_RUS,0.01750535932606277
tp_HRV,0.01750292767831129
t2m_EST,0.017496255300868915
tp_ARG,0.01746659357362271
damage_SVK,0.01746050939705418
deaths_IND,0.017459387247911875
deaths_NPL,0.017404516513274064
damage_SLB,0.01738472871375814
affected_BLZ,0.01735233952063929
damage_PER,0.017351405526788787
deaths_ISR,0.017342980487957415
t2m_TKM,0.017326024460277357
deaths_SSD,0.017320668580464417
damage_MRT,0.017319924857089934
tp_ALB,0.017300196060116034
deaths_IRN,0.017266209496289153
deaths_MDA,0.017261411879583008
deaths_PRK,0.017257591046443647
damage_LUX,0.017250233785820038
affected_CYM,0.017239318541524974
affected_CHE,0.01723532202178471
damage_MDG,0.017233202140170253
affected_TON,0.017219610696866446
deaths_JAM,0.017213625833976915
deaths_IRQ,0.017182764361109607
affected_ARG,0.0171787897766594
deaths_BRA,0.01716554964652407
t2m_LUX,0.01714499296664382
deaths_COG,0.017066841330937083
deaths_RUS,0.01703986710077495
deaths_KWT,0.016983680469880635
damage_TZA,0.016982799479723993
damage_TJK,0.016978584934214662
damage_NOR,0.0169625565997915
deaths_BFA,0.01692615885366297
affected_BGR,0.01692029093469414
deaths_PAN,0.016875993901101994
damage_IDN,0.01686836211247201
damage_CAF,0.016816298521264594
deaths_COL,0.016792272489885792
deaths_PSE,0.01678068640756989
damage_AFG,0.016773163610700897
t2m_KAZ,0.01675941634680891
deaths_LBN,0.016752550562090122
affected_NOR,0.016722801993793012
t2m_UKR,0.016714188301122142
affected_AFG,0.01670113786615696
t2m_CHN,0.016692541779294506
affected_AZO,0.01666088722685986
affected_COL,0.016637771264726448
damage_IRL,0.016633914296793877
damage_UKR,0.016615839013827027
damage_FSM,0.016615270221603296
affected_MYS,0.01656925426097114
damage_KAZ,0.016566888857580838
t2m_AFG,0.016558918181762573
t2m_MDA,0.016544069187829694
damage_SUR,0.016504135832017656
deaths_VUT,0.016493176141774386
deaths_HKG,0.01646638517538954
damage_MDA,0.01645246818730527
t2m_EGY,0.016401513865956507
damage_DNK,0.01639026990141224
affected_ATG,0.0163819872478522
damage_SWZ,0.01635386683474428
damage_MKD,0.016349223020855615
affected_LBR,0.01632578127065506
t2m_TWN,0.016309375024513777
affected_UKR,0.0163048656092257
affected_TUN,0.016287889190005067
affected_IRL,0.01626764503970475
deaths_UKR,0.016259502586915796
affected_GUF,0.016189139159130613
tp_SAU,0.016180471272157073
affected_MNP,0.016162035817605017
affected_SVK,0.016154722106652444
t2m_PSE,0.01611853824641701
affected_TCD,0.016107391383096255
deaths_KAZ,0.016090649671730486
affected_GLP,0.016079644676524
affected_SLB,0.016066811670509072
t2m_GBR,0.016051583120049045
tp_BEL,0.015989256082129914
damage_PRY,0.01595264755248024
damage_HTI,0.01593546325468764
t2m_LBY,0.01590722807015116
affected_MNG,0.01589272335874481
t2m_ISL,0.015883084758136722
damage_PRK,0.01585200548722505
damage_VIR,0.015816690236753396
deaths_GUF,0.015795728854713507
affected_MOZ,0.01577383979353897
damage_JAM,0.015766384088391188
t2m_BEL,0.015759664911296156
damage_KOR,0.015755547274756008
affected_RWA,0.01571711574569752
damage_PAN,0.0156981907939173
deaths_TUR,0.015691729315879973
affected_PLW,0.01568277039174149
t2m_FLK,0.015676959139568666
tp_PSE,0.015649289920835304
t2m_HUN,0.015610685942098215
deaths_ETH,0.01560658662852831
deaths_EGY,0.015557927669031784
deaths_JPN,0.015544464933887368
affected_PSE,0.015528636141516864
affected_DNK,0.015527196123038555
damage_SDN,0.015526993382932088
deaths_PNG,0.015510423084342148
deaths_BWA,0.015494746939368833
deaths_ZMB,0.015488736669119787
affected_PNG,0.015464706273808745
affected_MLI,0.015462035030325144
affected_SOM,0.015461308739281913
affected_KGZ,0.015444700818596498
damage_COL,0.015397189620460003
t2m_ISR,0.01539413302044963
affected_MAR,0.015356576110039785
deaths_MWI,0.015336842394483486
damage_CMR,0.015325220073824692
t2m_SVK,0.01530372474135313
deaths_KGZ,0.015288742642683184
damage_TLS,0.015284032810093282
deaths_ARE,0.015229646685797139
damage_GHA,0.015227157925326534
tp_ISR,0.0152127234067995
deaths_FSM,0.01519040921397215
deaths_COD,0.015157737438238582
t2m_SVN,0.01514293798030041
affected_SRB,0.015107121214456667
deaths_VCT,0.015092376878622587
affected_HKG,0.015080475726172566
tp_ETH,0.015068109823804205
affected_SAU,0.015052690517894925
t2m_FIN,0.01504711426120406
affected_MEX,0.015020556907218919
affected_HND,0.014992145176815751
damage_KHM,0.014990148231624971
t2m_ROU,0.01497915837687096
deaths_SDN,0.014967405483543384
damage_TWN,0.014960483467783581
affected_HTI,0.014960005661701197
deaths_GHA,0.014944113976213945
affected_BRB,0.014935005919750458
tp_SYR,0.01492905386218175
affected_JPN,0.014915811520467576
t2m_POL,0.014893074616467746
damage_COD,0.014890848699145
affected_GMB,0.014883451791592586
affected_SWE,0.01486435452926619
damage_SOM,0.014838543386794092
damage_BRN,0.014824409952116143
damage_BLR,0.014815414776599931
damage_MHL,0.014803054303684011
affected_ECU,0.0147820740675188
t2m_CHL,0.014771894839301077
deaths_MNP,0.014771508480847155
deaths_ASM,0.014756715688237347
t2m_JPN,0.014727824085473847
affected_MDA,0.014715964464563504
affected_COG,0.014678991710921963
t2m_CYP,0.014593803891053242
deaths_LBR,0.014550637280619585
damage_PNG,0.014523818842751904
affected_ISR,0.014496051985409897
affected_SPI,0.014484635309943612
affected_WLF,0.014477511679153428
damage_CPV,0.014466747515830986
affected_BWA,0.014461539306974865
affected_MDV,0.014436813701764886
affected_KIR,0.014416924689325292
damage_IRQ,0.014403142177639942
deaths_SPI,0.014400533922269173
t2m_TJK,0.01436536318879553
deaths_PER,0.01434601785907165
deaths_AUS,0.014337137131120819
t2m_JOR,0.014316199554809214
damage_KGZ,0.014307166731211268
deaths_TCA,0.01423579828736678
deaths_MDG,0.0142236694232282
affected_GNQ,0.014214086555445996
deaths_YEM,0.014176989220649673
deaths_MUS,0.014117565727029848
affected_CIV,0.014116241216136844
affected_NAM,0.014108167311130994
damage_CHN,0.014067950498808766
affected_BDI,0.014063454234660933
t2m_SRB,0.01402843926615464
affected_KHM,0.014007664359854278
affected_REU,0.013992583047917924
deaths_SOM,0.013954527981731262
affected_GRC,0.013933857012540804
t2m_AUT,0.01393190255142993
t2m_DEU,0.013923799681475859
damage_ZWE,0.013855542040851914
damage_AGO,0.013824973098092134
affected_PER,0.013804363023661842
damage_RUS,0.013787791709671194
deaths_PHL,0.013764701316155287
deaths_MKD,0.01376393303040851
deaths_GIN,0.01375479526708757
damage_SAU,0.013744019960935883
affected_IDN,0.013735688167268756
affected_YEM,0.013734487509377004
deaths_TTO,0.013719365255524594
affected_VEN,0.013608835140988661
affected_CUB,0.013604600554460451
damage_GRC,0.013490455449842585
t2m_LBN,0.013452032472370914
affected_MTQ,0.013427159566584732
deaths_SLV,0.013407978211034366
deaths_BEN,0.013401016417754262
deaths_CAN,0.013399671377939511
affected_FRA,0.013378614481434665
damage_PHL,0.013361208469948527
damage_SYC,0.013271396262233781
affected_MUS,0.013267532360357446
t2m_CZE,0.013260879096020885
affected_GNB,0.0132030588956357
deaths_SYR,0.013144644499237952
deaths_GNB,0.013130516003205311
affected_SYC,0.013018948351313961
damage_MOZ,0.013017281118350613
t2m_BGR,0.013012021795295897
affected_VNM,0.012939315831161712
damage_BWA,0.012895327369252441
deaths_GEO,0.012839785450458588
affected_LUX,0.01277942980749251
affected_GIN,0.012760218027790092
deaths_ZWE,0.012753492064000222
damage_NER,0.012736567167669965
affected_COM,0.012693533899303791
t2m_IRN,0.01269209286448511
deaths_HTI,0.012674663329922632
deaths_CHN,0.012656465213093918
t2m_BTN,0.012654676234720738
damage_MNG,0.012649739727855438
affected_IND,0.012641788222594225
deaths_GMB,0.012635593870935337
deaths_LIE,0.012618803963478082
damage_THA,0.012596595797189157
affected_FIN,0.012577846828040067
t2m_NLD,0.012566415071372043
damage_ARM,0.012522672314691683
t2m_QAT,0.0125225822711275
damage_GTM,0.012512595352730495
t2m_CHE,0.012493111553726465
deaths_VIR,0.012384614912428663
t2m_SAU,0.012382765254104177
t2m_ESP,0.012356970605781939
damage_TCA,0.012344885283146931
damage_NIC,0.012281295441874406
t2m_GRC,0.01222977948632046
deaths_CIV,0.012182002102912105
affected_TUV,0.01217741519788882
damage_BFA,0.012174890790598114
deaths_BDI,0.012172930458745871
t2m_ARE,0.012131912653652273
affected_JAM,0.012129240879456401
affected_COK,0.01211992025983588
deaths_BLZ,0.012082628088130112
damage_ESP,0.011966556143436257
damage_NPL,0.011966351972635788
t2m_NOR,0.011954644815842875
deaths_GTM,0.01195040724861066
t2m_SWE,0.01193699488257354
t2m_MAR,0.011899522829777825
t2m_MKD,0.011849872859211998
t2m_KWT,0.011794182518603856
deaths_LVA,0.011791898394417057
affected_ARM,0.011757070655934126
deaths_FRA,0.011721362758098194
t2m_IRL,0.011706525153059697
deaths_CAF,0.011675019835215381
damage_MUS,0.011640692047379516
affected_TKL,0.011538940513270902
t2m_GRL,0.011534058292554238
affected_ITA,0.011533246513344078
deaths_GBR,0.01152748282577495
t2m_AUS,0.011510180728317493
t2m_BIH,0.011504126214945709
deaths_HUN,0.011501226960472283
deaths_MOZ,0.011453042187875694
t2m_DZA,0.011450474939301843
affected_AGO,0.011447437781217465
affected_MRT,0.011446052623864163
damage_NAM,0.011437156203895594
deaths_TCD,0.011400949123755841
affected_CHN,0.011390965664045384
deaths_KOR,0.01137136983273607
affected_GRD,0.011355710469998757
t2m_HRV,0.011274426914254223
deaths_CHE,0.011273041167523876
affected_MWI,0.011244148338828844
deaths_JOR,0.011225893077972754
t2m_PRT,0.011194886745967138
deaths_DOM,0.011164686208768575
deaths_LUX,0.011153478559650891
damage_TCD,0.011146073829556114
affected_DEU,0.011036128016035622
affected_LCA,0.011030869188428055
damage_BGD,0.01100912418567891
damage_ARG,0.011008719788053753
deaths_TGO,0.01095855868184275
damage_CYP,0.010941222532927081
damage_CAN,0.010928983116855523
deaths_ESP,0.01088316990079036
deaths_IRL,0.01083748480232908
damage_BTN,0.010775069910152524
affected_NER,0.010768152660007711
damage_REU,0.010757712076429353
t2m_PRK,0.01073867619350969
deaths_PYF,0.01072564739789233
affected_TCA,0.010687000949087706
damage_MWI,0.010671439330991461
deaths_SLB,0.010671087394942954
affected_SHN,0.010648694178071348
affected_TUR,0.010637790336353203
affected_BEN,0.010618117732801975
affected_AUS,0.010612921041529671
affected_SSD,0.01059924286234575
deaths_SWE,0.010597506131548383
t2m_SYR,0.010585732863040154
deaths_PAK,0.010560424969995461
damage_GEO,0.0105447349306695
affected_ESP,0.010528499991760856
tp_JOR,0.010509167841562911
affected_CPV,0.010501383888125581
affected_BHS,0.010479753172435147
deaths_SVK,0.01047458717241916
deaths_NER,0.010456337781832773
deaths_DEU,0.01044686978259176
t2m_KOR,0.01041965291258368
affected_TTO,0.01041930428004888
damage_AUS,0.01035020227662957
t2m_GEO,0.010307936852112402
damage_COG,0.010297228796406715
affected_ETH,0.010280448167000147
t2m_IRQ,0.010247272334035875
affected_FJI,0.010232971352357864
deaths_SVN,0.010105713601040199
deaths_POL,0.010081857617580138
affected_BLR,0.01002708912919667
damage_IRN,0.010019920155165517
t2m_ARM,0.00993527152254867
affected_MMR,0.009923962288251743
damage_URY,0.009880258950192226
damage_MYS,0.009863747008203954
t2m_FRA,0.009855592247086353
damage_SVN,0.009855281842489752
damage_EGY,0.009851898382744593
affected_VCT,0.009789301378999792
affected_GUY,0.009775549877275929
deaths_BLR,0.009751911765862748
t2m_DNK,0.00969041524543357
affected_IRN,0.009625795745147691
damage_MAR,0.009619886282606115
damage_ITA,0.009571911377802314
affected_PRT,0.009553882849442924
affected_NPL,0.009527693180619284
deaths_MLI,0.009521280541114225
affected_SVN,0.009485732406542373
affected_GHA,0.009392811950317733
damage_ZMB,0.009378340866571952
damage_UZB,0.009367719269428951
affected_JOR,0.009353409728832104
affected_GEO,0.00932207282298034
affected_UZB,0.009320240959504086
affected_EGY,0.009299712718071937
affected_AUT,0.00928254104015732
deaths_CZE,0.009277552747534078
t2m_TUR,0.009241567850528605
affected_TGO,0.009234862405729363
affected_ZMB,0.00921714414384925
damage_FRA,0.009170183126399532
deaths_COM,0.009139409593167532
t2m_AZE,0.009124755136352547
deaths_CYP,0.009123089092010095
affected_CAN,0.009121947688788492
deaths_FJI,0.009114156257361202
deaths_SUR,0.009094535938628804
t2m_MEX,0.00908858580170549
deaths_MYS,0.009077551992565078
affected_CZE,0.009053477282697741
t2m_ALB,0.009043328205072493
deaths_GAB,0.009010628920234267
deaths_UGA,0.008980572316849116
deaths_NOR,0.00896709151845231
affected_GAB,0.008944799865751436
damage_GUM,0.008931786111167031
affected_TLS,0.008896804278081297
deaths_EST,0.008890324836715811
deaths_HRV,0.008858652262702086
deaths_LTU,0.008848652787686918
affected_NGA,0.008822752467071406
t2m_ITA,0.008821362187829118
deaths_FIN,0.008816553345732172
deaths_GLP,0.008804307378590554
affected_TJK,0.008752642043512783
damage_BHS,0.008743691010763102
deaths_TWN,0.008721511980636325
affected_SDN,0.008704121390770897
deaths_BHS,0.008683776131029077
t2m_MNE,0.00867460352948864
affected_IRQ,0.008571135370731443
damage_TTO,0.008531142492150577
deaths_GRC,0.008509327683043355
t2m_CAN,0.00850122777694416
deaths_THA,0.008432217628476292
damage_AUT,0.00841890253134988
damage_TUR,0.008392819243971747
damage_MTQ,0.008381088809977486
deaths_MMR,0.008348523279281102
affected_ASM,0.0083255430709041
deaths_AUT,0.008321850354471722
affected_TWN,0.008313184776632027
deaths_DNK,0.008283890586047045
damage_VCT,0.008266570490702814
deaths_GUM,0.008223129340655633
deaths_MTQ,0.008211078946845057
deaths_LCA,0.008079331480745215
deaths_BGR,0.008067297461471033
deaths_BRB,0.008058374384279973
deaths_HND,0.008038050829241838
deaths_TLS,0.008020704378158654
damage_HND,0.007990771648992145
damage_PAK,0.007980527951067901
damage_BIH,0.007976773389400232
deaths_NIC,0.007925364196490264
deaths_ROU,0.007854574055747748
deaths_CPV,0.007849886010648352
affected_GUM,0.007834572668556411
deaths_MNE,0.007767024559884681
deaths_ATG,0.007750753575942092
deaths_SRB,0.007645987377186273
deaths_SAU,0.007634819217998393
damage_BLZ,0.007576619022098151
damage_GUY,0.0074913141918819155
damage_SLE,0.007407946312384668
affected_CMR,0.007377286079416788
affected_CAF,0.007357707056736868
damage_ZAF,0.007337578389358087
affected_PYF,0.007260932503411565
damage_NGA,0.007225765429512831
deaths_SLE,0.007209909918343419
deaths_KHM,0.007163404246118123
affected_PAK,0.007147122826329474
deaths_CHL,0.007145723521372553
damage_MLI,0.007142995504797999
deaths_BIH,0.007132338618532185
damage_DOM,0.007093451176038768
affected_COD,0.00706615440859439
damage_POL,0.00705773267268517
affected_MAF,0.007044944180627297
deaths_SXM,0.007044944180627297
deaths_BLM,0.007044944180627296
damage_SXM,0.007044944180627296
damage_MAF,0.007044944180627295
affected_SXM,0.007044944180627295
deaths_VGB,0.007044944180627294
damage_VGB,0.007044944180627292
deaths_MAF,0.007044944180627289
affected_SUR,0.007035229116885966
t2m_TUN,0.007014859206774225
damage_FJI,0.0069228719094678705
deaths_ALB,0.006870949903074877
deaths_GUY,0.006833800609713323
deaths_MLT,0.0068267828570474426
damage_MMR,0.006504000558293384
deaths_ZAF,0.006494337419100814
affected_BTN,0.006483369408539674
deaths_KNA,0.006481669775998928
deaths_VEN,0.0064135394223130545
deaths_BTN,0.00637139003374039
damage_VEN,0.006365458565778127
deaths_OMN,0.006224856573489063
affected_BIH,0.006171985045251167
damage_ASM,0.006013416021303074
damage_QAT,0.005984784804828464
affected_QAT,0.005984784804828461
affected_POL,0.005867585928760497
affected_BEL,0.005851856102311214
damage_PYF,0.005827107354777167
damage_CYM,0.00580422234474959
deaths_CYM,0.005794293448895959
damage_BEL,0.0056582182355862124
damage_GRD,0.0056229822792273655
deaths_GRD,0.005596791552933259
damage_BRB,0.0055834598656427205
deaths_REU,0.005402855915942908
damage_SRB,0.005348791912505416
damage_OMN,0.005308983165835338
deaths_NZL,0.005264457800908797
affected_OMN,0.0052575678193043885
affected_WSM,0.005253457467566059
damage_WSM,0.005234504627921464
damage_KNA,0.005215833451388281
deaths_BMU,0.005137943664154513
damage_BMU,0.005137943664154503
affected_NZL,0.005076460625553772
affected_KNA,0.005048697299318323
deaths_WSM,0.0050097744854141375
deaths_STP,0.004984980586541643
affected_STP,0.004984980586541619
damage_NZL,0.0048898623481197995
damage_LVA,0.00484049965233415
damage_SWE,0.00463776743055218
affected_EST,0.004625163194001057
damage_EST,0.00462516319400105
affected_LVA,0.004464010146452589
deaths_PRI,0.004253877477426299
t2m_RUS,0.0041423881643854734
damage_ATG,0.003871274698833606
affected_DMA,0.0038671698317468443
deaths_DMA,0.0038438757836956007
damage_DMA,0.0038430842049034797
affected_PRI,0.003829893714113522
damage_PRI,0.003749975411339606
deaths_MYT,0.003684224184369612
affected_MYT,0.0036842241843696084
damage_MYT,0.003684224184369606
affected_LBY,0.003277251794108074
damage_LBY,0.003264917497017442
deaths_LBY,0.0032635537369393747
damage_HKG,0.003146176086224492
damage_MAC,0.003024899612575872
deaths_MAC,0.0030248996125758557
affected_MAC,0.0030110765986515226
affected_NCL,0.002846629853509494
damage_NCL,0.0028466298535094864
deaths_NCL,0.00284662985350946
affected_AIA,0.002844936874777432
damage_AIA,0.0028359920192792595
deaths_AIA,0.002835957194098832
damage_NIU,0.0023994316919243755
affected_NIU,0.0023994316919243755
deaths_NIU,0.0023994316919243746
deaths_AZO,3.0984725547480586e-17
deaths_ISL,2.945387708666986e-17
deaths_BRN,2.7406541084780028e-17
deaths_ERI,2.5243542233353383e-17
deaths_QAT,2.4524773563135364e-17
deaths_SHN,2.379858786109788e-17
deaths_COK,2.1944009128246667e-17
deaths_GNQ,2.089647781183439e-17
deaths_PLW,2.076260731045257e-17
deaths_KIR,2.056296628749807e-17
deaths_MDV,2.0076599300840166e-17
deaths_MHL,1.939939629153394e-17
deaths_SYC,1.528722380222919e-17
deaths_TKL,1.5133192570604974e-17
affected_BRN,1.4228693441560397e-17
deaths_WLF,1.4173014392667542e-17
affected_BLM,1.3654556644819407e-17
deaths_TUV,1.2168357271959176e-17
affected_BMU,1.1358833876043656e-17
affected_MLT,9.060355129125679e-18
affected_ISL,8.00505778976844e-18
affected_LTU,7.644073651104808e-18
affected_KWT,7.587599136333784e-18
affected_LIE,6.876015992519799e-18
affected_VGB,9.849903777728362e-20
affected_VIR,1.972916551156837e-20
damage_ARE,8.361196174169145e-24
damage_AZO,5.594540650093124e-27
damage_BEN,8.33891643798507e-29
damage_BLM,1.253367815676679e-31
damage_COK,6.855532305190028e-32
damage_GUF,5.452658134025426e-32
damage_CIV,4.19357060333038e-32
damage_ERI,3.3766800883573723e-32
damage_FIN,3.339148411213019e-32
damage_GIN,2.772582324593462e-32
damage_GMB,2.760759199496096e-32
damage_DJI,2.3598691313247124e-32
damage_GNB,2.3324086660525712e-32
damage_JOR,2.0550887504851477e-32
damage_ISL,1.78806069892879e-32
damage_LBN,1.0926227952527624e-32
damage_GAB,1.0351467446020211e-32
damage_LSO,4.77885713041987e-33
damage_MDV,4.546214322941092e-33
damage_GNQ,4.415381488912459e-33
damage_KIR,4.3654154732507175e-33
damage_LIE,4.3194010577031366e-33
damage_LBR,2.7703959680558445e-33
damage_MLT,2.1164748241389864e-33
damage_MNE,6.425862139032953e-34
damage_KWT,4.930702431260486e-34
damage_MNP,3.346946806989379e-46
damage_WLF,0.0
damage_SCG,0.0
damage_TKL,0.0
damage_TUV,0.0
damage_TGO,0.0
damage_SYR,0.0
damage_STP,0.0
damage_SSD,0.0
damage_PLW,0.0
damage_SHN,0.0
damage_PSE,0.0
